[
  {
    "inputs": [
      { "internalType": "address", "name": "_tokenAddress", "type": "address" }
    ],
    "stateMutability": "nonpayable",
    "type": "constructor"
  },
  {
    "inputs": [],
    "name": "airdropAmount",
    "outputs": [{ "internalType": "uint256", "name": "", "type": "uint256" }],
    "stateMutability": "view",
    "type": "function"
  },
  {
    "inputs": [
      { "internalType": "address[]", "name": "recipients", "type": "address[]" }
    ],
    "name": "distribute",
    "outputs": [],
    "stateMutability": "nonpayable",
    "type": "function"
  },
  {
    "inputs": [],
    "name": "owner",
    "outputs": [{ "internalType": "address", "name": "", "type": "address" }],
    "stateMutability": "view",
    "type": "function"
  },
  {
    "inputs": [
      { "internalType": "uint256", "name": "_amount", "type": "uint256" }
    ],
    "name": "setAirdropAmount",
    "outputs": [],
    "stateMutability": "nonpayable",
    "type": "function"
  },
  {
    "inputs": [],
    "name": "token",
    "outputs": [
      { "internalType": "contract IBEP20", "name": "", "type": "address" }
    ],
    "stateMutability": "view",
    "type": "function"
  },
  {
    "inputs": [
      {
        "internalType": "address payable",
        "name": "_recipient",
        "type": "address"
      }
    ],
    "name": "withdrawETH",
    "outputs": [],
    "stateMutability": "nonpayable",
    "type": "function"
  },
  {
    "inputs": [
      { "internalType": "address", "name": "_recipient", "type": "address" }
    ],
    "name": "withdrawTokens",
    "outputs": [],
    "stateMutability": "nonpayable",
    "type": "function"
  }
]
